<application>
  <component name="libraryTable">
    <library name="cast_receiver_framework" type="javaScript">
      <properties>
        <sourceFilesUrls>
          <item url="file://$APPLICATION_CONFIG_DIR$/javascript/extLibs/__www.gstatic.com_cast_sdk_libs_caf_receiver_v3_cast_receiver_framework.js" />
        </sourceFilesUrls>
      </properties>
      <CLASSES>
        <root url="file://$APPLICATION_CONFIG_DIR$/javascript/extLibs/__www.gstatic.com_cast_sdk_libs_caf_receiver_v3_cast_receiver_framework.js" />
      </CLASSES>
      <JAVADOC />
      <SOURCES />
    </library>
    <library name="mediaplayer_1.0.0" type="javaScript">
      <properties>
        <sourceFilesUrls>
          <item url="file://$APPLICATION_CONFIG_DIR$/javascript/extLibs/mediaplayer_1.0.0.js" />
        </sourceFilesUrls>
      </properties>
      <CLASSES>
        <root url="file://$APPLICATION_CONFIG_DIR$/javascript/extLibs/mediaplayer_1.0.0.js" />
      </CLASSES>
      <JAVADOC />
      <SOURCES />
    </library>
    <library name="sp" type="javaScript">
      <properties>
        <sourceFilesUrls>
          <item url="file://$APPLICATION_CONFIG_DIR$/javascript/extLibs/__smartplugin.youbora.com_v6_js_adapters_chromecastcaf_6.4.1_sp.min.js" />
          <item url="file://$APPLICATION_CONFIG_DIR$/javascript/extLibs/__smartplugin.youbora.com_v6_js_adapters_chromecastcaf_6.4.2_sp.min.js" />
        </sourceFilesUrls>
      </properties>
      <CLASSES>
        <root url="file://$APPLICATION_CONFIG_DIR$/javascript/extLibs/__smartplugin.youbora.com_v6_js_adapters_chromecastcaf_6.4.1_sp.min.js" />
        <root url="file://$APPLICATION_CONFIG_DIR$/javascript/extLibs/__smartplugin.youbora.com_v6_js_adapters_chromecastcaf_6.4.2_sp.min.js" />
      </CLASSES>
      <JAVADOC />
      <SOURCES />
    </library>
  </component>
</application>