<application>
  <component name="FileTypeManager" version="17">
    <extensionMap>
      <mapping ext="klib" type="ARCHIVE" />
      <mapping pattern="sshwattle" type="Bash" />
      <mapping pattern="taildevinternal" type="Bash" />
      <mapping pattern="taildevwebapi" type="Bash" />
      <mapping pattern="test" type="ECMAScript 6" />
      <mapping pattern="ping" type="ECMAScript 6" />
      <mapping pattern="notify" type="ECMAScript 6" />
      <mapping pattern=".php_cs" type="PHP" />
      <mapping pattern=".php" type="PHP" />
      <mapping pattern="rollbar-history-prod" type="PLAIN_TEXT" />
      <mapping pattern="rollbar-history-qa" type="PLAIN_TEXT" />
      <mapping pattern="rollbar-history-sqa" type="PLAIN_TEXT" />
    </extensionMap>
  </component>
</application>